{
  "AuthType": "google",
  "GoogleUsername": "isiusergoogle",
  "GooglePassword": "isipasswordgoogle",
  "PtcUsername": null,
  "PtcPassword": null,
  "UseProxy": false,
  "UseProxyHost": null,
  "UseProxyPort": null,
  "UseProxyAuthentication": false,
  "UseProxyUsername": null,
  "UseProxyPassword": null,
  "DevicePackageName": "custom",
  "DeviceId": "8BAA9BE7913D98AA",
  "AndroidBoardName": "MSM8225",
  "AndroidBootloader": "unknown",
  "DeviceBrand": "samsung",
  "DeviceModel": "G920i",
  "DeviceModelIdentifier": "G920I",
  "DeviceModelBoot": "qcom",
  "HardwareManufacturer": "Samsung",
  "HardwareModel": "G920I",
  "FirmwareBrand": "samsung",
  "FirmwareTags": "release-keys",
  "FirmwareType": "user",
  "FirmwareFingerprint": "samsung/G920I/samsung:5.1.1/JZO54K/I8262XXAMH5:user/release-keys"
}